<?xml version="1.0" encoding="UTF-8" standalone="no" ?><CAERep ObjId="120" Type="CAERep" Ver="2"><DSEnvironmentID PropType="int">32</DSEnvironmentID><ExternalProductVersion PropType="string">2023 R1</ExternalProductVersion><Goal PropType="string">RunSolver</Goal><HasBetaKeyOn PropType="bool">false</HasBetaKeyOn><InProcess PropType="bool">true</InProcess><LastDatabaseId PropType="unsigned int">236</LastDatabaseId><NumProcessorsForPost PropType="int">0</NumProcessorsForPost><PID_Legacy_Solve PropType="int">0</PID_Legacy_Solve><PartialCode PropType="int">1</PartialCode><ProductVersion PropType="string">23.1 RELEASE</ProductVersion><ProductVersionForSec PropType="string">23.1</ProductVersionForSec><ProjectName PropType="string">Stress--Static Structural (A5)</ProjectName><ReturnCode PropType="int">1</ReturnCode><SolveInvokedFromAddin PropType="int">0</SolveInvokedFromAddin><SysvarMap PropType="map&lt;string,string>"><Entry key="DSSolver ProgId">AMKSolver.AMKSolver.231</Entry></SysvarMap><EngineeringRep ObjId="121" Type="EngineeringRep" Ver="2"><BCRep ObjId="124" Type="BCRep" Ver="2"><StepEndTimes PropType="vector&lt;double>" UCat="Time" Unt="s">    1</StepEndTimes><ContactRep ObjId="103" Type="ContactRep" Ver="3"><Behavior PropType="string">ProgramControlled</Behavior><Breakable PropType="string">No</Breakable><Caption PropType="string">Contact Region 2</Caption><CondensedPartId PropType="int">0</CondensedPartId><DecayConstant PropType="double">    0</DecayConstant><DetectionMethod PropType="string">ProgramControlled</DetectionMethod><DynamicCoefficient PropType="double">    0</DynamicCoefficient><Formulation PropType="string">ProgramControlledContact</Formulation><IsNative PropType="bool">true</IsNative><IsPromoted PropType="bool">false</IsPromoted><MaximumOffset PropType="double" UCat="Length" Unt="m">1e-07</MaximumOffset><Restitution PropType="double">    1</Restitution><Scoping PropType="vector&lt;string>">104,105</Scoping><ScopingSubset0 PropType="vector&lt;string>">104</ScopingSubset0><ScopingSubset1 PropType="vector&lt;string>">105</ScopingSubset1><SmallSliding PropType="string">ProgramControlled</SmallSliding><SourceBodyIds PropType="vector&lt;unsigned int>">36,36,36,36,36,36,36,36,36,36,36,36,36,36,36</SourceBodyIds><StaticCoefficient PropType="double">    0</StaticCoefficient><TargetBodyIds PropType="vector&lt;unsigned int>">91,91,91,91,91,91,91,91,91,91,91,91,91</TargetBodyIds><TrimTolerance PropType="double" UCat="Length" Unt="m">0.05696436682733393</TrimTolerance><TrimType PropType="string">ProgramControlled</TrimType><Type PropType="string">Bonded</Type><UseAutoElasticSlipTolerance PropType="string">ProgramControlled</UseAutoElasticSlipTolerance><UseAutoPenetrationTolerance PropType="string">ProgramControlled</UseAutoPenetrationTolerance><SourceReference ObjId="173" Type="CAERepBase" Ver="2"><ReferenceId PropType="unsigned int">159</ReferenceId><ReferenceType PropType="vector&lt;string>">Face,Plane</ReferenceType></SourceReference><SourceReference ObjId="174" Type="CAERepBase" Ver="2"><ReferenceId PropType="unsigned int">853</ReferenceId><ReferenceType PropType="vector&lt;string>">Face,Nurb</ReferenceType></SourceReference><SourceReference ObjId="175" Type="CAERepBase" Ver="2"><ReferenceId PropType="unsigned int">854</ReferenceId><ReferenceType PropType="vector&lt;string>">Face,Nurb</ReferenceType></SourceReference><SourceReference ObjId="176" Type="CAERepBase" Ver="2"><ReferenceId PropType="unsigned int">855</ReferenceId><ReferenceType PropType="vector&lt;string>">Cylinder,Face</ReferenceType></SourceReference><SourceReference ObjId="177" Type="CAERepBase" Ver="2"><ReferenceId PropType="unsigned int">856</ReferenceId><ReferenceType PropType="vector&lt;string>">Face,Nurb</ReferenceType></SourceReference><SourceReference ObjId="178" Type="CAERepBase" Ver="2"><ReferenceId PropType="unsigned int">857</ReferenceId><ReferenceType PropType="vector&lt;string>">Face,Nurb</ReferenceType></SourceReference><SourceReference ObjId="179" Type="CAERepBase" Ver="2"><ReferenceId PropType="unsigned int">858</ReferenceId><ReferenceType PropType="vector&lt;string>">Face,Plane</ReferenceType></SourceReference><SourceReference ObjId="180" Type="CAERepBase" Ver="2"><ReferenceId PropType="unsigned int">860</ReferenceId><ReferenceType PropType="vector&lt;string>">Face,Plane</ReferenceType></SourceReference><SourceReference ObjId="181" Type="CAERepBase" Ver="2"><ReferenceId PropType="unsigned int">10</ReferenceId><ReferenceType PropType="vector&lt;string>">Face,Plane</ReferenceType></SourceReference><SourceReference ObjId="182" Type="CAERepBase" Ver="2"><ReferenceId PropType="unsigned int">370</ReferenceId><ReferenceType PropType="vector&lt;string>">Face,Plane</ReferenceType></SourceReference><SourceReference ObjId="183" Type="CAERepBase" Ver="2"><ReferenceId PropType="unsigned int">369</ReferenceId><ReferenceType PropType="vector&lt;string>">Face,Plane</ReferenceType></SourceReference><SourceReference ObjId="184" Type="CAERepBase" Ver="2"><ReferenceId PropType="unsigned int">368</ReferenceId><ReferenceType PropType="vector&lt;string>">Face,Plane</ReferenceType></SourceReference><SourceReference ObjId="185" Type="CAERepBase" Ver="2"><ReferenceId PropType="unsigned int">160</ReferenceId><ReferenceType PropType="vector&lt;string>">Face,Plane</ReferenceType></SourceReference><SourceReference ObjId="186" Type="CAERepBase" Ver="2"><ReferenceId PropType="unsigned int">178</ReferenceId><ReferenceType PropType="vector&lt;string>">Face,Plane</ReferenceType></SourceReference><SourceReference ObjId="187" Type="CAERepBase" Ver="2"><ReferenceId PropType="unsigned int">37</ReferenceId><ReferenceType PropType="vector&lt;string>">Face,Plane</ReferenceType></SourceReference><TargetReference ObjId="188" Type="CAERepBase" Ver="2"><ReferenceId PropType="unsigned int">585</ReferenceId><ReferenceType PropType="vector&lt;string>">Face,Plane</ReferenceType></TargetReference><TargetReference ObjId="189" Type="CAERepBase" Ver="2"><ReferenceId PropType="unsigned int">482</ReferenceId><ReferenceType PropType="vector&lt;string>">Face,Nurb</ReferenceType></TargetReference><TargetReference ObjId="190" Type="CAERepBase" Ver="2"><ReferenceId PropType="unsigned int">480</ReferenceId><ReferenceType PropType="vector&lt;string>">Face,Nurb</ReferenceType></TargetReference><TargetReference ObjId="191" Type="CAERepBase" Ver="2"><ReferenceId PropType="unsigned int">479</ReferenceId><ReferenceType PropType="vector&lt;string>">Cylinder,Face</ReferenceType></TargetReference><TargetReference ObjId="192" Type="CAERepBase" Ver="2"><ReferenceId PropType="unsigned int">478</ReferenceId><ReferenceType PropType="vector&lt;string>">Face,Nurb</ReferenceType></TargetReference><TargetReference ObjId="193" Type="CAERepBase" Ver="2"><ReferenceId PropType="unsigned int">493</ReferenceId><ReferenceType PropType="vector&lt;string>">Face,Nurb</ReferenceType></TargetReference><TargetReference ObjId="194" Type="CAERepBase" Ver="2"><ReferenceId PropType="unsigned int">94</ReferenceId><ReferenceType PropType="vector&lt;string>">Face,Plane</ReferenceType></TargetReference><TargetReference ObjId="195" Type="CAERepBase" Ver="2"><ReferenceId PropType="unsigned int">96</ReferenceId><ReferenceType PropType="vector&lt;string>">Face,Plane</ReferenceType></TargetReference><TargetReference ObjId="196" Type="CAERepBase" Ver="2"><ReferenceId PropType="unsigned int">461</ReferenceId><ReferenceType PropType="vector&lt;string>">Face,Plane</ReferenceType></TargetReference><TargetReference ObjId="197" Type="CAERepBase" Ver="2"><ReferenceId PropType="unsigned int">574</ReferenceId><ReferenceType PropType="vector&lt;string>">Face,Plane</ReferenceType></TargetReference><TargetReference ObjId="198" Type="CAERepBase" Ver="2"><ReferenceId PropType="unsigned int">552</ReferenceId><ReferenceType PropType="vector&lt;string>">Face,Plane</ReferenceType></TargetReference><TargetReference ObjId="199" Type="CAERepBase" Ver="2"><ReferenceId PropType="unsigned int">562</ReferenceId><ReferenceType PropType="vector&lt;string>">Face,Nurb</ReferenceType></TargetReference><TargetReference ObjId="200" Type="CAERepBase" Ver="2"><ReferenceId PropType="unsigned int">92</ReferenceId><ReferenceType PropType="vector&lt;string>">Face,Plane</ReferenceType></TargetReference><Pinball ObjId="172" Type="Pinball" Ver="2"><Type PropType="string">ProgramControlled</Type></Pinball><ProgramControlledContact ObjId="171" Type="ProgramControlledContact" Ver="2"><UpdateStiffness PropType="string">Never</UpdateStiffness><UseAutoElectricalConductance PropType="bool">true</UseAutoElectricalConductance><UseAutoNormalStiffness PropType="bool">true</UseAutoNormalStiffness><UseAutoThermalConductance PropType="bool">true</UseAutoThermalConductance></ProgramControlledContact></ContactRep><ContactRep ObjId="106" Type="ContactRep" Ver="3"><Behavior PropType="string">ProgramControlled</Behavior><Breakable PropType="string">No</Breakable><Caption PropType="string">Contact Region 4</Caption><CondensedPartId PropType="int">0</CondensedPartId><DecayConstant PropType="double">    0</DecayConstant><DetectionMethod PropType="string">ProgramControlled</DetectionMethod><DynamicCoefficient PropType="double">    0</DynamicCoefficient><Formulation PropType="string">ProgramControlledContact</Formulation><IsNative PropType="bool">true</IsNative><IsPromoted PropType="bool">false</IsPromoted><MaximumOffset PropType="double" UCat="Length" Unt="m">1e-07</MaximumOffset><Restitution PropType="double">    1</Restitution><Scoping PropType="vector&lt;string>">107,108</Scoping><ScopingSubset0 PropType="vector&lt;string>">107</ScopingSubset0><ScopingSubset1 PropType="vector&lt;string>">108</ScopingSubset1><SmallSliding PropType="string">ProgramControlled</SmallSliding><SourceBodyIds PropType="vector&lt;unsigned int>">36,36,36</SourceBodyIds><StaticCoefficient PropType="double">    0</StaticCoefficient><TargetBodyIds PropType="vector&lt;unsigned int>">975,975,975,975,975</TargetBodyIds><TrimTolerance PropType="double" UCat="Length" Unt="m">0.05696436682733393</TrimTolerance><TrimType PropType="string">ProgramControlled</TrimType><Type PropType="string">Bonded</Type><UseAutoElasticSlipTolerance PropType="string">ProgramControlled</UseAutoElasticSlipTolerance><UseAutoPenetrationTolerance PropType="string">ProgramControlled</UseAutoPenetrationTolerance><SourceReference ObjId="203" Type="CAERepBase" Ver="2"><ReferenceId PropType="unsigned int">259</ReferenceId><ReferenceType PropType="vector&lt;string>">Face,Nurb</ReferenceType></SourceReference><SourceReference ObjId="204" Type="CAERepBase" Ver="2"><ReferenceId PropType="unsigned int">346</ReferenceId><ReferenceType PropType="vector&lt;string>">Face,Nurb</ReferenceType></SourceReference><SourceReference ObjId="205" Type="CAERepBase" Ver="2"><ReferenceId PropType="unsigned int">225</ReferenceId><ReferenceType PropType="vector&lt;string>">Face,Plane</ReferenceType></SourceReference><TargetReference ObjId="206" Type="CAERepBase" Ver="2"><ReferenceId PropType="unsigned int">976</ReferenceId><ReferenceType PropType="vector&lt;string>">Face,Plane</ReferenceType></TargetReference><TargetReference ObjId="207" Type="CAERepBase" Ver="2"><ReferenceId PropType="unsigned int">978</ReferenceId><ReferenceType PropType="vector&lt;string>">Face,Nurb</ReferenceType></TargetReference><TargetReference ObjId="208" Type="CAERepBase" Ver="2"><ReferenceId PropType="unsigned int">979</ReferenceId><ReferenceType PropType="vector&lt;string>">Face,Plane</ReferenceType></TargetReference><TargetReference ObjId="209" Type="CAERepBase" Ver="2"><ReferenceId PropType="unsigned int">980</ReferenceId><ReferenceType PropType="vector&lt;string>">Face,Nurb</ReferenceType></TargetReference><TargetReference ObjId="210" Type="CAERepBase" Ver="2"><ReferenceId PropType="unsigned int">982</ReferenceId><ReferenceType PropType="vector&lt;string>">Face,Plane</ReferenceType></TargetReference><Pinball ObjId="202" Type="Pinball" Ver="2"><Type PropType="string">ProgramControlled</Type></Pinball><ProgramControlledContact ObjId="201" Type="ProgramControlledContact" Ver="2"><UpdateStiffness PropType="string">Never</UpdateStiffness><UseAutoElectricalConductance PropType="bool">true</UseAutoElectricalConductance><UseAutoNormalStiffness PropType="bool">true</UseAutoNormalStiffness><UseAutoThermalConductance PropType="bool">true</UseAutoThermalConductance></ProgramControlledContact></ContactRep><ContactRep ObjId="109" Type="ContactRep" Ver="3"><Behavior PropType="string">ProgramControlled</Behavior><Breakable PropType="string">No</Breakable><Caption PropType="string">Contact Region 5</Caption><CondensedPartId PropType="int">0</CondensedPartId><DecayConstant PropType="double">    0</DecayConstant><DetectionMethod PropType="string">ProgramControlled</DetectionMethod><DynamicCoefficient PropType="double">    0</DynamicCoefficient><Formulation PropType="string">ProgramControlledContact</Formulation><IsNative PropType="bool">true</IsNative><IsPromoted PropType="bool">false</IsPromoted><MaximumOffset PropType="double" UCat="Length" Unt="m">1e-07</MaximumOffset><Restitution PropType="double">    1</Restitution><Scoping PropType="vector&lt;string>">110,111</Scoping><ScopingSubset0 PropType="vector&lt;string>">110</ScopingSubset0><ScopingSubset1 PropType="vector&lt;string>">111</ScopingSubset1><SmallSliding PropType="string">ProgramControlled</SmallSliding><SourceBodyIds PropType="vector&lt;unsigned int>">36,36,36</SourceBodyIds><StaticCoefficient PropType="double">    0</StaticCoefficient><TargetBodyIds PropType="vector&lt;unsigned int>">1014,1014,1014,1014</TargetBodyIds><TrimTolerance PropType="double" UCat="Length" Unt="m">0.05696436682733393</TrimTolerance><TrimType PropType="string">ProgramControlled</TrimType><Type PropType="string">Bonded</Type><UseAutoElasticSlipTolerance PropType="string">ProgramControlled</UseAutoElasticSlipTolerance><UseAutoPenetrationTolerance PropType="string">ProgramControlled</UseAutoPenetrationTolerance><SourceReference ObjId="213" Type="CAERepBase" Ver="2"><ReferenceId PropType="unsigned int">213</ReferenceId><ReferenceType PropType="vector&lt;string>">Face,Nurb</ReferenceType></SourceReference><SourceReference ObjId="214" Type="CAERepBase" Ver="2"><ReferenceId PropType="unsigned int">223</ReferenceId><ReferenceType PropType="vector&lt;string>">Face,Plane</ReferenceType></SourceReference><SourceReference ObjId="215" Type="CAERepBase" Ver="2"><ReferenceId PropType="unsigned int">178</ReferenceId><ReferenceType PropType="vector&lt;string>">Face,Plane</ReferenceType></SourceReference><TargetReference ObjId="216" Type="CAERepBase" Ver="2"><ReferenceId PropType="unsigned int">1018</ReferenceId><ReferenceType PropType="vector&lt;string>">Face,Plane</ReferenceType></TargetReference><TargetReference ObjId="217" Type="CAERepBase" Ver="2"><ReferenceId PropType="unsigned int">1019</ReferenceId><ReferenceType PropType="vector&lt;string>">Face,Nurb</ReferenceType></TargetReference><TargetReference ObjId="218" Type="CAERepBase" Ver="2"><ReferenceId PropType="unsigned int">1020</ReferenceId><ReferenceType PropType="vector&lt;string>">Face,Plane</ReferenceType></TargetReference><TargetReference ObjId="219" Type="CAERepBase" Ver="2"><ReferenceId PropType="unsigned int">1016</ReferenceId><ReferenceType PropType="vector&lt;string>">Face,Plane</ReferenceType></TargetReference><Pinball ObjId="212" Type="Pinball" Ver="2"><Type PropType="string">ProgramControlled</Type></Pinball><ProgramControlledContact ObjId="211" Type="ProgramControlledContact" Ver="2"><UpdateStiffness PropType="string">Never</UpdateStiffness><UseAutoElectricalConductance PropType="bool">true</UseAutoElectricalConductance><UseAutoNormalStiffness PropType="bool">true</UseAutoNormalStiffness><UseAutoThermalConductance PropType="bool">true</UseAutoThermalConductance></ProgramControlledContact></ContactRep><ContactRep ObjId="112" Type="ContactRep" Ver="3"><Behavior PropType="string">ProgramControlled</Behavior><Breakable PropType="string">No</Breakable><Caption PropType="string">Contact Region 6</Caption><CondensedPartId PropType="int">0</CondensedPartId><DecayConstant PropType="double">    0</DecayConstant><DetectionMethod PropType="string">ProgramControlled</DetectionMethod><DynamicCoefficient PropType="double">    0</DynamicCoefficient><Formulation PropType="string">ProgramControlledContact</Formulation><IsNative PropType="bool">true</IsNative><IsPromoted PropType="bool">false</IsPromoted><MaximumOffset PropType="double" UCat="Length" Unt="m">1e-07</MaximumOffset><Restitution PropType="double">    1</Restitution><Scoping PropType="vector&lt;string>">113,114</Scoping><ScopingSubset0 PropType="vector&lt;string>">113</ScopingSubset0><ScopingSubset1 PropType="vector&lt;string>">114</ScopingSubset1><SmallSliding PropType="string">ProgramControlled</SmallSliding><SourceBodyIds PropType="vector&lt;unsigned int>">91,91,91</SourceBodyIds><StaticCoefficient PropType="double">    0</StaticCoefficient><TargetBodyIds PropType="vector&lt;unsigned int>">1047,1047,1047,1047,1047</TargetBodyIds><TrimTolerance PropType="double" UCat="Length" Unt="m">0.05696436682733393</TrimTolerance><TrimType PropType="string">ProgramControlled</TrimType><Type PropType="string">Bonded</Type><UseAutoElasticSlipTolerance PropType="string">ProgramControlled</UseAutoElasticSlipTolerance><UseAutoPenetrationTolerance PropType="string">ProgramControlled</UseAutoPenetrationTolerance><SourceReference ObjId="222" Type="CAERepBase" Ver="2"><ReferenceId PropType="unsigned int">488</ReferenceId><ReferenceType PropType="vector&lt;string>">Face,Nurb</ReferenceType></SourceReference><SourceReference ObjId="223" Type="CAERepBase" Ver="2"><ReferenceId PropType="unsigned int">563</ReferenceId><ReferenceType PropType="vector&lt;string>">Face,Nurb</ReferenceType></SourceReference><SourceReference ObjId="224" Type="CAERepBase" Ver="2"><ReferenceId PropType="unsigned int">459</ReferenceId><ReferenceType PropType="vector&lt;string>">Face,Plane</ReferenceType></SourceReference><TargetReference ObjId="225" Type="CAERepBase" Ver="2"><ReferenceId PropType="unsigned int">1048</ReferenceId><ReferenceType PropType="vector&lt;string>">Face,Plane</ReferenceType></TargetReference><TargetReference ObjId="226" Type="CAERepBase" Ver="2"><ReferenceId PropType="unsigned int">1053</ReferenceId><ReferenceType PropType="vector&lt;string>">Face,Nurb</ReferenceType></TargetReference><TargetReference ObjId="227" Type="CAERepBase" Ver="2"><ReferenceId PropType="unsigned int">1050</ReferenceId><ReferenceType PropType="vector&lt;string>">Face,Plane</ReferenceType></TargetReference><TargetReference ObjId="228" Type="CAERepBase" Ver="2"><ReferenceId PropType="unsigned int">1051</ReferenceId><ReferenceType PropType="vector&lt;string>">Cylinder,Face</ReferenceType></TargetReference><TargetReference ObjId="229" Type="CAERepBase" Ver="2"><ReferenceId PropType="unsigned int">1054</ReferenceId><ReferenceType PropType="vector&lt;string>">Face,Plane</ReferenceType></TargetReference><Pinball ObjId="221" Type="Pinball" Ver="2"><Type PropType="string">ProgramControlled</Type></Pinball><ProgramControlledContact ObjId="220" Type="ProgramControlledContact" Ver="2"><UpdateStiffness PropType="string">Never</UpdateStiffness><UseAutoElectricalConductance PropType="bool">true</UseAutoElectricalConductance><UseAutoNormalStiffness PropType="bool">true</UseAutoNormalStiffness><UseAutoThermalConductance PropType="bool">true</UseAutoThermalConductance></ProgramControlledContact></ContactRep><SurfaceForce ObjId="42" Type="Force" Ver="2"><Caption PropType="string">Middle Force</Caption><LoadAppliedBy PropType="unsigned int">0</LoadAppliedBy><LoadDefineBy PropType="unsigned int">1</LoadDefineBy><Scoping PropType="vector&lt;string>">43</Scoping><LoadStep ObjId="230" Type="LoadStep" Ver="2"><ActiveBitmask PropType="vector&lt;int>">63</ActiveBitmask><IsActive PropType="vector&lt;bool>">true</IsActive><Number PropType="vector&lt;int>"/></LoadStep><ComponentX ObjId="231" Type="Table" Ver="2"><StepNumber PropType="vector&lt;int>">1,1</StepNumber><Time PropType="vector&lt;double>" UCat="Time" Unt="s">    0,    1</Time><Values PropType="vector&lt;double>" UCat="Force" Unt="N">    0,    0</Values></ComponentX><ComponentY ObjId="232" Type="Table" Ver="2"><StepNumber PropType="vector&lt;int>">1,1</StepNumber><Time PropType="vector&lt;double>" UCat="Time" Unt="s">    0,    1</Time><Values PropType="vector&lt;double>" UCat="Force" Unt="N">-100000,-100000</Values></ComponentY><ComponentZ ObjId="233" Type="Table" Ver="2"><StepNumber PropType="vector&lt;int>">1,1</StepNumber><Time PropType="vector&lt;double>" UCat="Time" Unt="s">    0,    1</Time><Values PropType="vector&lt;double>" UCat="Force" Unt="N">    0,    0</Values></ComponentZ></SurfaceForce><FixedEdgeSupport ObjId="44" Type="Support" Ver="2"><Caption PropType="string">Right Fixed Support</Caption><Scoping PropType="vector&lt;string>">45</Scoping><Type PropType="string"/></FixedEdgeSupport><FixedEdgeSupport ObjId="46" Type="Support" Ver="2"><Caption PropType="string">Left Fixed Support</Caption><Scoping PropType="vector&lt;string>">47</Scoping><Type PropType="string"/></FixedEdgeSupport></BCRep><GeometryAttributes ObjId="122" Type="GeometryAttributes" Ver="2"><AssemblyAttributes ObjId="123" Type="AssemblyAttributes" Ver="2"><ElementOptionControl PropType="string">ProgramControlled</ElementOptionControl><GeometrySource PropType="string">C:\Users\OMO\Desktop\New Paper\Stress Probe\More Support\Stress_files\dp0\SYS\DM\SYS.scdoc</GeometrySource><Is2DAnalysis PropType="bool">false</Is2DAnalysis><IsMixedDimension PropType="bool">false</IsMixedDimension><PartAttributes ObjId="100" Type="PartAttributes" Ver="2"><Caption PropType="string">SYS</Caption><Mass PropType="double" UCat="Mass" Unt="kg">11515.08628798441</Mass><PartId PropType="unsigned int">755</PartId><BodyAttributes ObjId="101" Type="BodyAttributes" Ver="2"><AreNonLinearEffectsOn PropType="bool">true</AreNonLinearEffectsOn><BoundingBoxDiagonal PropType="double" UCat="Length" Unt="m">7.995080440562401</BoundingBoxDiagonal><Caption PropType="string">SYS\Solid</Caption><ElementCoordSysId PropType="unsigned int">27</ElementCoordSysId><GeometryType PropType="string">Solid</GeometryType><Mass PropType="double" UCat="Mass" Unt="kg">11515.08628798441</Mass><ProtoReferenceId PropType="unsigned int">1047</ProtoReferenceId><StiffnessBehavior PropType="string">Deformable</StiffnessBehavior><ThermalStrainCalculation PropType="bool">true</ThermalStrainCalculation><Centroid ObjId="163" Type="DSGePoint3d" Ver="3"><Coordinates PropType="vector&lt;double>" UCat="Length" Unt="m">9.90101214723696,4.394787063261109,0.1700000027194449</Coordinates></Centroid><MassMomentOfInertia ObjId="162" Type="MassMomentOfInertia" Ver="2"><Ixx PropType="double" UCat="MomentInertiaMass" Unt="kg m^2">61133.85977670221</Ixx><Iyy PropType="double" UCat="MomentInertiaMass" Unt="kg m^2">356.6069224299492</Iyy><Izz PropType="double" UCat="MomentInertiaMass" Unt="kg m^2">61183.39724423485</Izz></MassMomentOfInertia><MaterialRep ObjId="161" Type="MaterialRep" Ver="2"><MaterialName PropType="string">Structural Steel</MaterialName><ReferenceTemperature PropType="double" UCat="Temperature" Unt="Celsius">   22</ReferenceTemperature><RelaxationTemperature PropType="double" UCat="Temperature" Unt="Celsius">    0</RelaxationTemperature><UnitSystem PropType="int">0</UnitSystem><UseReferenceTemperature PropType="bool">false</UseReferenceTemperature><UseRelaxationTemperature PropType="bool">false</UseRelaxationTemperature></MaterialRep></BodyAttributes><Centroid ObjId="164" Type="DSGePoint3d" Ver="3"><Coordinates PropType="vector&lt;double>" UCat="Length" Unt="m">9.90101214723696,4.394787063261109,0.1700000027194449</Coordinates></Centroid><MassMomentOfInertia ObjId="165" Type="MassMomentOfInertia" Ver="2"><Ixx PropType="double" UCat="MomentInertiaMass" Unt="kg m^2">61133.85977670221</Ixx><Iyy PropType="double" UCat="MomentInertiaMass" Unt="kg m^2">356.6069224299492</Iyy><Izz PropType="double" UCat="MomentInertiaMass" Unt="kg m^2">61183.39724423485</Izz><CoordinateSystemRep ObjId="166" Type="CoordinateSystemRep" Ver="3"><Caption PropType="string">Undefined</Caption><CoordSystemIndex PropType="unsigned int">0</CoordSystemIndex><IsGlobal PropType="bool">false</IsGlobal><Param1 PropType="double">    1</Param1><Param2 PropType="double">    1</Param2><Singularity1 PropType="int">0</Singularity1><Singularity2 PropType="int">0</Singularity2><SolverCoordNumber PropType="unsigned int">0</SolverCoordNumber><Type PropType="string">Cartesian</Type><DSGePoint3d ObjId="168" Type="DSGePoint3d" Ver="3"><Coordinates PropType="vector&lt;double>" UCat="Length" Unt="m">9.90101214723696,4.394787063261109,0.1700000027194449</Coordinates></DSGePoint3d><Matrix3X3 ObjId="167" Type="Matrix3X3" Ver="2"><IsOrthogonal PropType="bool">false</IsOrthogonal><Row0 PropType="vector&lt;double>">0.9999999999980491,1.975308386880789e-06,4.292629065538813e-12</Row0><Row1 PropType="vector&lt;double>">-1.975308386880789e-06,0.9999999999980491,-3.456533398913974e-15</Row1><Row2 PropType="vector&lt;double>">-4.292629072358158e-12,3.448054132712304e-15,    1</Row2></Matrix3X3></CoordinateSystemRep></MassMomentOfInertia></PartAttributes><PartAttributes ObjId="19" Type="PartAttributes" Ver="2"><Caption PropType="string">SYS</Caption><Mass PropType="double" UCat="Mass" Unt="kg">238873.2260176022</Mass><PartId PropType="unsigned int">3</PartId><BodyAttributes ObjId="20" Type="BodyAttributes" Ver="2"><AreNonLinearEffectsOn PropType="bool">true</AreNonLinearEffectsOn><BoundingBoxDiagonal PropType="double" UCat="Length" Unt="m">22.78042620734812</BoundingBoxDiagonal><Caption PropType="string">SYS\Solid</Caption><ElementCoordSysId PropType="unsigned int">27</ElementCoordSysId><GeometryType PropType="string">Solid</GeometryType><Mass PropType="double" UCat="Mass" Unt="kg">238873.2260176022</Mass><ProtoReferenceId PropType="unsigned int">36</ProtoReferenceId><StiffnessBehavior PropType="string">Deformable</StiffnessBehavior><ThermalStrainCalculation PropType="bool">true</ThermalStrainCalculation><Centroid ObjId="131" Type="DSGePoint3d" Ver="3"><Coordinates PropType="vector&lt;double>" UCat="Length" Unt="m">10.46531002402984,2.367448719570577,3.088676755926148</Coordinates></Centroid><MassMomentOfInertia ObjId="130" Type="MassMomentOfInertia" Ver="2"><Ixx PropType="double" UCat="MomentInertiaMass" Unt="kg m^2">2774272.058176661</Ixx><Iyy PropType="double" UCat="MomentInertiaMass" Unt="kg m^2">8235175.774612441</Iyy><Izz PropType="double" UCat="MomentInertiaMass" Unt="kg m^2">9346159.337984005</Izz></MassMomentOfInertia><MaterialRep ObjId="129" Type="MaterialRep" Ver="2"><MaterialName PropType="string">Structural Steel</MaterialName><ReferenceTemperature PropType="double" UCat="Temperature" Unt="Celsius">   22</ReferenceTemperature><RelaxationTemperature PropType="double" UCat="Temperature" Unt="Celsius">    0</RelaxationTemperature><UnitSystem PropType="int">0</UnitSystem><UseReferenceTemperature PropType="bool">false</UseReferenceTemperature><UseRelaxationTemperature PropType="bool">false</UseRelaxationTemperature></MaterialRep></BodyAttributes><Centroid ObjId="132" Type="DSGePoint3d" Ver="3"><Coordinates PropType="vector&lt;double>" UCat="Length" Unt="m">10.46531002402984,2.367448719570577,3.088676755926148</Coordinates></Centroid><MassMomentOfInertia ObjId="133" Type="MassMomentOfInertia" Ver="2"><Ixx PropType="double" UCat="MomentInertiaMass" Unt="kg m^2">2774272.058176661</Ixx><Iyy PropType="double" UCat="MomentInertiaMass" Unt="kg m^2">8235175.774612441</Iyy><Izz PropType="double" UCat="MomentInertiaMass" Unt="kg m^2">9346159.337984005</Izz><CoordinateSystemRep ObjId="134" Type="CoordinateSystemRep" Ver="3"><Caption PropType="string">Undefined</Caption><CoordSystemIndex PropType="unsigned int">0</CoordSystemIndex><IsGlobal PropType="bool">false</IsGlobal><Param1 PropType="double">    1</Param1><Param2 PropType="double">    1</Param2><Singularity1 PropType="int">0</Singularity1><Singularity2 PropType="int">0</Singularity2><SolverCoordNumber PropType="unsigned int">0</SolverCoordNumber><Type PropType="string">Cartesian</Type><DSGePoint3d ObjId="136" Type="DSGePoint3d" Ver="3"><Coordinates PropType="vector&lt;double>" UCat="Length" Unt="m">10.46531002402984,2.367448719570577,3.088676755926148</Coordinates></DSGePoint3d><Matrix3X3 ObjId="135" Type="Matrix3X3" Ver="2"><IsOrthogonal PropType="bool">false</IsOrthogonal><Row0 PropType="vector&lt;double>">0.9997335853563503,-0.02009757405451455,0.01135102760371045</Row0><Row1 PropType="vector&lt;double>">0.01948616573003341,0.998476486578821,0.05162359048298555</Row1><Row2 PropType="vector&lt;double>">-0.01237124309350376,-0.05138864919743102,0.9986021024802544</Row2></Matrix3X3></CoordinateSystemRep></MassMomentOfInertia></PartAttributes><PartAttributes ObjId="22" Type="PartAttributes" Ver="2"><Caption PropType="string">SYS</Caption><Mass PropType="double" UCat="Mass" Unt="kg">85438.38696570159</Mass><PartId PropType="unsigned int">5</PartId><BodyAttributes ObjId="23" Type="BodyAttributes" Ver="2"><AreNonLinearEffectsOn PropType="bool">true</AreNonLinearEffectsOn><BoundingBoxDiagonal PropType="double" UCat="Length" Unt="m">22.53706458732151</BoundingBoxDiagonal><Caption PropType="string">SYS\Solid</Caption><ElementCoordSysId PropType="unsigned int">27</ElementCoordSysId><GeometryType PropType="string">Solid</GeometryType><Mass PropType="double" UCat="Mass" Unt="kg">85438.38696570159</Mass><ProtoReferenceId PropType="unsigned int">91</ProtoReferenceId><StiffnessBehavior PropType="string">Deformable</StiffnessBehavior><ThermalStrainCalculation PropType="bool">true</ThermalStrainCalculation><Centroid ObjId="139" Type="DSGePoint3d" Ver="3"><Coordinates PropType="vector&lt;double>" UCat="Length" Unt="m">8.586926547010847,2.182380298565548,0.3404697911974006</Coordinates></Centroid><MassMomentOfInertia ObjId="138" Type="MassMomentOfInertia" Ver="2"><Ixx PropType="double" UCat="MomentInertiaMass" Unt="kg m^2">444142.9931247872</Ixx><Iyy PropType="double" UCat="MomentInertiaMass" Unt="kg m^2">2858496.56647886</Iyy><Izz PropType="double" UCat="MomentInertiaMass" Unt="kg m^2">3189817.957242761</Izz></MassMomentOfInertia><MaterialRep ObjId="137" Type="MaterialRep" Ver="2"><MaterialName PropType="string">Structural Steel</MaterialName><ReferenceTemperature PropType="double" UCat="Temperature" Unt="Celsius">   22</ReferenceTemperature><RelaxationTemperature PropType="double" UCat="Temperature" Unt="Celsius">    0</RelaxationTemperature><UnitSystem PropType="int">0</UnitSystem><UseReferenceTemperature PropType="bool">false</UseReferenceTemperature><UseRelaxationTemperature PropType="bool">false</UseRelaxationTemperature></MaterialRep></BodyAttributes><Centroid ObjId="140" Type="DSGePoint3d" Ver="3"><Coordinates PropType="vector&lt;double>" UCat="Length" Unt="m">8.586926547010847,2.182380298565548,0.3404697911974006</Coordinates></Centroid><MassMomentOfInertia ObjId="141" Type="MassMomentOfInertia" Ver="2"><Ixx PropType="double" UCat="MomentInertiaMass" Unt="kg m^2">444142.9931247872</Ixx><Iyy PropType="double" UCat="MomentInertiaMass" Unt="kg m^2">2858496.56647886</Iyy><Izz PropType="double" UCat="MomentInertiaMass" Unt="kg m^2">3189817.957242761</Izz><CoordinateSystemRep ObjId="142" Type="CoordinateSystemRep" Ver="3"><Caption PropType="string">Undefined</Caption><CoordSystemIndex PropType="unsigned int">0</CoordSystemIndex><IsGlobal PropType="bool">false</IsGlobal><Param1 PropType="double">    1</Param1><Param2 PropType="double">    1</Param2><Singularity1 PropType="int">0</Singularity1><Singularity2 PropType="int">0</Singularity2><SolverCoordNumber PropType="unsigned int">0</SolverCoordNumber><Type PropType="string">Cartesian</Type><DSGePoint3d ObjId="144" Type="DSGePoint3d" Ver="3"><Coordinates PropType="vector&lt;double>" UCat="Length" Unt="m">8.586926547010847,2.182380298565548,0.3404697911974006</Coordinates></DSGePoint3d><Matrix3X3 ObjId="143" Type="Matrix3X3" Ver="2"><IsOrthogonal PropType="bool">false</IsOrthogonal><Row0 PropType="vector&lt;double>">0.9960314597660277,0.0474035917370814,-0.07532748931684968</Row0><Row1 PropType="vector&lt;double>">-0.04895944646868625,0.9986211189096431,-0.01894290023022068</Row1><Row2 PropType="vector&lt;double>">0.07432566015741698,0.02255571674933777,0.996978904432831</Row2></Matrix3X3></CoordinateSystemRep></MassMomentOfInertia></PartAttributes><PartAttributes ObjId="58" Type="PartAttributes" Ver="2"><Caption PropType="string">SYS</Caption><Mass PropType="double" UCat="Mass" Unt="kg">6944.005829976255</Mass><PartId PropType="unsigned int">212</PartId><BodyAttributes ObjId="95" Type="BodyAttributes" Ver="2"><AreNonLinearEffectsOn PropType="bool">true</AreNonLinearEffectsOn><BoundingBoxDiagonal PropType="double" UCat="Length" Unt="m">7.75247705749376</BoundingBoxDiagonal><Caption PropType="string">SYS\Solid</Caption><ElementCoordSysId PropType="unsigned int">27</ElementCoordSysId><GeometryType PropType="string">Solid</GeometryType><Mass PropType="double" UCat="Mass" Unt="kg">6944.005829976255</Mass><ProtoReferenceId PropType="unsigned int">975</ProtoReferenceId><StiffnessBehavior PropType="string">Deformable</StiffnessBehavior><ThermalStrainCalculation PropType="bool">true</ThermalStrainCalculation><Centroid ObjId="147" Type="DSGePoint3d" Ver="3"><Coordinates PropType="vector&lt;double>" UCat="Length" Unt="m">9.929442920161442,4.297275637778705,4.669999837874895</Coordinates></Centroid><MassMomentOfInertia ObjId="146" Type="MassMomentOfInertia" Ver="2"><Ixx PropType="double" UCat="MomentInertiaMass" Unt="kg m^2">34687.6284099616</Ixx><Iyy PropType="double" UCat="MomentInertiaMass" Unt="kg m^2">139.9018451028484</Iyy><Izz PropType="double" UCat="MomentInertiaMass" Unt="kg m^2">34642.36255456946</Izz></MassMomentOfInertia><MaterialRep ObjId="145" Type="MaterialRep" Ver="2"><MaterialName PropType="string">Structural Steel</MaterialName><ReferenceTemperature PropType="double" UCat="Temperature" Unt="Celsius">   22</ReferenceTemperature><RelaxationTemperature PropType="double" UCat="Temperature" Unt="Celsius">    0</RelaxationTemperature><UnitSystem PropType="int">0</UnitSystem><UseReferenceTemperature PropType="bool">false</UseReferenceTemperature><UseRelaxationTemperature PropType="bool">false</UseRelaxationTemperature></MaterialRep></BodyAttributes><Centroid ObjId="148" Type="DSGePoint3d" Ver="3"><Coordinates PropType="vector&lt;double>" UCat="Length" Unt="m">9.929442920161442,4.297275637778705,4.669999837874895</Coordinates></Centroid><MassMomentOfInertia ObjId="149" Type="MassMomentOfInertia" Ver="2"><Ixx PropType="double" UCat="MomentInertiaMass" Unt="kg m^2">34687.6284099616</Ixx><Iyy PropType="double" UCat="MomentInertiaMass" Unt="kg m^2">139.9018451028484</Iyy><Izz PropType="double" UCat="MomentInertiaMass" Unt="kg m^2">34642.36255456946</Izz><CoordinateSystemRep ObjId="150" Type="CoordinateSystemRep" Ver="3"><Caption PropType="string">Undefined</Caption><CoordSystemIndex PropType="unsigned int">0</CoordSystemIndex><IsGlobal PropType="bool">false</IsGlobal><Param1 PropType="double">    1</Param1><Param2 PropType="double">    1</Param2><Singularity1 PropType="int">0</Singularity1><Singularity2 PropType="int">0</Singularity2><SolverCoordNumber PropType="unsigned int">0</SolverCoordNumber><Type PropType="string">Cartesian</Type><DSGePoint3d ObjId="152" Type="DSGePoint3d" Ver="3"><Coordinates PropType="vector&lt;double>" UCat="Length" Unt="m">9.929442920161442,4.297275637778705,4.669999837874895</Coordinates></DSGePoint3d><Matrix3X3 ObjId="151" Type="Matrix3X3" Ver="2"><IsOrthogonal PropType="bool">false</IsOrthogonal><Row0 PropType="vector&lt;double>">0.9999999990303591,-4.403727828587937e-05,4.194914782860875e-09</Row0><Row1 PropType="vector&lt;double>">4.403727828588298e-05,0.9999999990303591,-8.59863817512412e-10</Row1><Row2 PropType="vector&lt;double>">-4.194876912731093e-09,8.600485493083312e-10,    1</Row2></Matrix3X3></CoordinateSystemRep></MassMomentOfInertia></PartAttributes><PartAttributes ObjId="97" Type="PartAttributes" Ver="2"><Caption PropType="string">SYS</Caption><Mass PropType="double" UCat="Mass" Unt="kg">6090.585973387962</Mass><PartId PropType="unsigned int">753</PartId><BodyAttributes ObjId="98" Type="BodyAttributes" Ver="2"><AreNonLinearEffectsOn PropType="bool">true</AreNonLinearEffectsOn><BoundingBoxDiagonal PropType="double" UCat="Length" Unt="m">4.885212648636928</BoundingBoxDiagonal><Caption PropType="string">SYS\Solid</Caption><ElementCoordSysId PropType="unsigned int">27</ElementCoordSysId><GeometryType PropType="string">Solid</GeometryType><Mass PropType="double" UCat="Mass" Unt="kg">6090.585973387962</Mass><ProtoReferenceId PropType="unsigned int">1014</ProtoReferenceId><StiffnessBehavior PropType="string">Deformable</StiffnessBehavior><ThermalStrainCalculation PropType="bool">true</ThermalStrainCalculation><Centroid ObjId="155" Type="DSGePoint3d" Ver="3"><Coordinates PropType="vector&lt;double>" UCat="Length" Unt="m">4.235315170072425,2.221584294227521,4.669999837874898</Coordinates></Centroid><MassMomentOfInertia ObjId="154" Type="MassMomentOfInertia" Ver="2"><Ixx PropType="double" UCat="MomentInertiaMass" Unt="kg m^2">10564.35393828202</Ixx><Iyy PropType="double" UCat="MomentInertiaMass" Unt="kg m^2">173.9257738909923</Iyy><Izz PropType="double" UCat="MomentInertiaMass" Unt="kg m^2">10575.87395272847</Izz></MassMomentOfInertia><MaterialRep ObjId="153" Type="MaterialRep" Ver="2"><MaterialName PropType="string">Structural Steel</MaterialName><ReferenceTemperature PropType="double" UCat="Temperature" Unt="Celsius">   22</ReferenceTemperature><RelaxationTemperature PropType="double" UCat="Temperature" Unt="Celsius">    0</RelaxationTemperature><UnitSystem PropType="int">0</UnitSystem><UseReferenceTemperature PropType="bool">false</UseReferenceTemperature><UseRelaxationTemperature PropType="bool">false</UseRelaxationTemperature></MaterialRep></BodyAttributes><Centroid ObjId="156" Type="DSGePoint3d" Ver="3"><Coordinates PropType="vector&lt;double>" UCat="Length" Unt="m">4.235315170072425,2.221584294227521,4.669999837874898</Coordinates></Centroid><MassMomentOfInertia ObjId="157" Type="MassMomentOfInertia" Ver="2"><Ixx PropType="double" UCat="MomentInertiaMass" Unt="kg m^2">10564.35393828202</Ixx><Iyy PropType="double" UCat="MomentInertiaMass" Unt="kg m^2">173.9257738909923</Iyy><Izz PropType="double" UCat="MomentInertiaMass" Unt="kg m^2">10575.87395272847</Izz><CoordinateSystemRep ObjId="158" Type="CoordinateSystemRep" Ver="3"><Caption PropType="string">Undefined</Caption><CoordSystemIndex PropType="unsigned int">0</CoordSystemIndex><IsGlobal PropType="bool">false</IsGlobal><Param1 PropType="double">    1</Param1><Param2 PropType="double">    1</Param2><Singularity1 PropType="int">0</Singularity1><Singularity2 PropType="int">0</Singularity2><SolverCoordNumber PropType="unsigned int">0</SolverCoordNumber><Type PropType="string">Cartesian</Type><DSGePoint3d ObjId="160" Type="DSGePoint3d" Ver="3"><Coordinates PropType="vector&lt;double>" UCat="Length" Unt="m">4.235315170072425,2.221584294227521,4.669999837874898</Coordinates></DSGePoint3d><Matrix3X3 ObjId="159" Type="Matrix3X3" Ver="2"><IsOrthogonal PropType="bool">false</IsOrthogonal><Row0 PropType="vector&lt;double>">0.9756888458750053,0.2191603888363135,-4.648189474366209e-07</Row0><Row1 PropType="vector&lt;double>">-0.2191603888363374,0.9756888458751106,-5.318626264000052e-10</Row1><Row2 PropType="vector&lt;double>">4.53402099145311e-07,1.023888336908232e-07,0.999999999999892</Row2></Matrix3X3></CoordinateSystemRep></MassMomentOfInertia></PartAttributes></AssemblyAttributes></GeometryAttributes><ServiceRep ObjId="125" Type="ServiceRep" Ver="2"><CoordinateSystemRep ObjId="27" Type="CoordinateSystemRep" Ver="3"><Caption PropType="string">Global Coordinate System</Caption><CoordSystemIndex PropType="unsigned int">0</CoordSystemIndex><IsGlobal PropType="bool">true</IsGlobal><Param1 PropType="double">    1</Param1><Param2 PropType="double">    1</Param2><Singularity1 PropType="int">0</Singularity1><Singularity2 PropType="int">0</Singularity2><SolverCoordNumber PropType="int">0</SolverCoordNumber><Type PropType="string">Cartesian</Type><DSGePoint3d ObjId="170" Type="DSGePoint3d" Ver="3"><Coordinates PropType="vector&lt;double>" UCat="Length" Unt="m">    0,    0,    0</Coordinates></DSGePoint3d><Matrix3X3 ObjId="169" Type="Matrix3X3" Ver="2"><IsOrthogonal PropType="bool">false</IsOrthogonal><Row0 PropType="vector&lt;double>">    1,    0,    0</Row0><Row1 PropType="vector&lt;double>">    0,    1,    0</Row1><Row2 PropType="vector&lt;double>">    0,    0,    1</Row2></Matrix3X3></CoordinateSystemRep></ServiceRep></EngineeringRep><GeometryRep ObjId="128" Type="GeometryRep" Ver="2"><ActiveAssembly PropType="unsigned int">1</ActiveAssembly><PartsAssembly PropType="string">000000000089F1B8</PartsAssembly><Units PropType="string">m</Units></GeometryRep><MaterialLibraryRep ObjId="127" Type="MaterialLibraryRep" Ver="2"><FileName PropType="string">MatML.xml</FileName></MaterialLibraryRep><MeshRep ObjId="126" Type="MeshRep" Ver="2"><AssemblyMesh PropType="string">000000004F2B1E38</AssemblyMesh><Configuration PropType="unsigned int">115</Configuration><IndependentMesh PropType="string">IndependentMesh.bin</IndependentMesh><RigidBodyBehavior PropType="string">DimensionallyReduced</RigidBodyBehavior><Units PropType="string">m</Units></MeshRep><SolverRep ObjId="234" Type="SolverRep" Ver="2"><AnalysisType PropType="string">Static</AnalysisType><IsCoupledFieldSystem PropType="bool">false</IsCoupledFieldSystem><PhysicsType PropType="string">Mechanical</PhysicsType><SolverTargetName PropType="string">ANSYS</SolverTargetName><SolverUnits PropType="int">11</SolverUnits><UnknownPointerId PropType="string">0000000008A75B00</UnknownPointerId><FEConnectorsRep ObjId="34" Type="FEConnectorsRep" Ver="2"><StepSelection PropType="int">0</StepSelection></FEConnectorsRep><FileManagementRep ObjId="236" Type="FileManagementRep" Ver="2"><DeleteUnneededFiles PropType="bool">true</DeleteUnneededFiles><SolverFileDirectory PropType="string"/><SolverFileRelativeDirectory PropType="string"/></FileManagementRep><ProcessControls ObjId="235" Type="ProcessControls" Ver="2"><DistributedSolve PropType="bool">true</DistributedSolve><IsLocal PropType="bool">true</IsLocal><IsRSMSolve PropType="bool">false</IsRSMSolve><ManualMemorySettings PropType="bool">false</ManualMemorySettings><MaxProcessors PropType="int">4</MaxProcessors></ProcessControls><AnalysisSettings CAEType="extObj"><StaticMechanicalSettings version="1.0"><StepControls version="1.0"><EndTime>1.</EndTime><TimeStepOptions version="1.0"><AutoTimeSteppingType>ProgramControlled</AutoTimeSteppingType></TimeStepOptions><NonlinearControls version="1.0"><Force><ProgramControlled/></Force><Moment><ProgramControlled/></Moment><Rotation><ProgramControlled/></Rotation><Displacement><ProgramControlled/></Displacement><LineSearch>ProgramControlled</LineSearch><StabilizationControls><StabilizationControls version="1.0"><Controls>Program Controlled</Controls><Method>Energy</Method><EnergyDissipationRatio>1.e-004</EnergyDissipationRatio><DampingFactor>0.</DampingFactor><FirstSubstepOption>No</FirstSubstepOption><ForceLimit>0.2</ForceLimit></StabilizationControls></StabilizationControls><Energy><Off/></Energy></NonlinearControls><OutputControls version="1.0"><Stress>true</Stress><Strain>true</Strain><Contact>false</Contact><TimePointsOptions>All</TimePointsOptions><MaxNumberofResultSets>1000</MaxNumberofResultSets><GeneralMisc>false</GeneralMisc><CalculateFracture>false</CalculateFracture><SurfaceStress>false</SurfaceStress><BackStress>false</BackStress><ElementContactData>true</ElementContactData><ElementNonlinearData>false</ElementNonlinearData><ElementEulerAngles>true</ElementEulerAngles><ElementEnergies>true</ElementEnergies><ElementEnergies>true</ElementEnergies><ExportRecoaterInterference>false</ExportRecoaterInterference><ExportHighStrains>false</ExportHighStrains><ResultSetsType>Auto</ResultSetsType><CacheResultsInMemoryType>Never</CacheResultsInMemoryType><StoreModalResult>ProgramControlled</StoreModalResult><ExpandResultFrom>ProgramControlled</ExpandResultFrom><ProgControlledExpansion>Unknown</ProgControlledExpansion><NodalForcesType>No</NodalForcesType><CalculateParticipationFactorResult>ProgramControlled</CalculateParticipationFactorResult><CombineResultFiles>ProgramControlled</CombineResultFiles><ResultFileCompression>ProgramControlled</ResultFileCompression><TimePointsOptions>All</TimePointsOptions><ResultSets></ResultSets></OutputControls><CreepControls version="1.0"><CreepActivation/><CreepLimitRatio>1.</CreepLimitRatio></CreepControls><NonlinearAdaptivityControls version="3.0"><NLADHasMesh>0.</NLADHasMesh><NLADRefinementAlgorithm>0.</NLADRefinementAlgorithm><NLADRemeshingGradient>3.</NLADRemeshingGradient><NLADNumSculptedLayers>2.</NLADNumSculptedLayers><NLADNumSculptedLayersVal2>2.</NLADNumSculptedLayersVal2><NLADBoundaryAngle>15.</NLADBoundaryAngle><NLADRemeshingTolerance>5.e-002</NLADRemeshingTolerance><NLADRemeshingToleranceVal2>0.5</NLADRemeshingToleranceVal2><NLADGlobalSizeRatio>1.</NLADGlobalSizeRatio><NLADGlobalSizeRatioVal2>0.75</NLADGlobalSizeRatioVal2><NLADEdgeSplitAngle>10.</NLADEdgeSplitAngle><NLADLocalSizeRatio>1.</NLADLocalSizeRatio><NLADAggressiveRemeshing>0.</NLADAggressiveRemeshing><NLADProjectToGeometry>0.</NLADProjectToGeometry><MinimumElementSize>0.</MinimumElementSize></NonlinearAdaptivityControls><InertialRelief>false</InertialRelief><InverseSolving>false</InverseSolving><LoadCaseIdentifier></LoadCaseIdentifier></StepControls><SolverControls version="1.0"><SolverType><ProgramControlled/></SolverType><UseLargeDeformation>false</UseLargeDeformation><WeakSprings><Off/></WeakSprings><FractureSolution>true</FractureSolution><NewtonRaphsonType><ProgramControlled/></NewtonRaphsonType><SolverPivotChecking>ProgramControlled</SolverPivotChecking><ContactSplit><Off/></ContactSplit><QuasiStaticOption>false</QuasiStaticOption><SemiImplicit><Off/></SemiImplicit><CyclicMSUP>false</CyclicMSUP></SolverControls><SolverFileControls version="1.0"><SolverEngineType>ANSYS</SolverEngineType><SolverUnits>11</SolverUnits><SolverFilesDirectory>C:\Users\OMO\Desktop\New Paper\Stress Probe\More Support\Stress_files\dp0\SYS\MECH\</SolverFilesDirectory><SolverJobname>file</SolverJobname><ScratchSolverFilesDirectory>C:\Users\OMO\Desktop\New Paper\Stress Probe\More Support\_ProjectScratch\Scr9526\</ScratchSolverFilesDirectory><AdditionalList></AdditionalList><SaveANSYSDB>false</SaveANSYSDB><ContactSummary>kAnalysisSettingsContactSummaryProgramControlled</ContactSummary><DeleteUnusedFiles>true</DeleteUnusedFiles><ResultFile>file.rst</ResultFile><NonlinearSolution>false</NonlinearSolution></SolverFileControls><RestartAnalysis version="1.0"><RestartType>ProgramControlled</RestartType><RestartAction>ContinueAnalysis</RestartAction><RestartAtLoadStep>0</RestartAtLoadStep><RestartAtSubstep>0</RestartAtSubstep><RestartAtTime>0.000000000000000</RestartAtTime><EndStepTime>0.000000000000000</EndStepTime><MaxRestartAutoTime>0.000000000000000</MaxRestartAutoTime><ModifiedLoads></ModifiedLoads></RestartAnalysis><RestartControls version="1.0"><Controls>ProgramControlled</Controls><SaveAtLoadStep>None</SaveAtLoadStep><SaveSpecifiedLoadStep>1</SaveSpecifiedLoadStep><SaveAtSubstep>None</SaveAtSubstep><SaveSubstepFrequency>1</SaveSubstepFrequency><SaveMaximumFiles>0</SaveMaximumFiles><RetainFiles>No</RetainFiles><CombineMultiFrames>ProgramControlled</CombineMultiFrames></RestartControls><FractureControls version="1.0"><FractureSolverControls><HasSMARTCrackGrowth>false</HasSMARTCrackGrowth></FractureSolverControls></FractureControls><RotordynamicsControls version="1.0"><CoriolisEffect>No</CoriolisEffect><ReferenceFrameStationary>Stationary</ReferenceFrameStationary><RotatingDampingEffect>No</RotatingDampingEffect><CampbellDiagram>No</CampbellDiagram><Sorting>Yes</Sorting><ModalNumberofPoints>2</ModalNumberofPoints><ModeReuse>ProgramControlled</ModeReuse></RotordynamicsControls><MeshRestartControls version="1.0"><Controls>ProgramControlled</Controls><SaveAtLoadStep>None</SaveAtLoadStep><SaveAtSubstep>None</SaveAtSubstep><SaveSubstepFrequency>1</SaveSubstepFrequency><RetainFiles>Yes</RetainFiles></MeshRestartControls></StaticMechanicalSettings></AnalysisSettings></SolverRep></CAERep>