<?xml version="1.0" encoding="UTF-8" standalone="no" ?><CAERep ObjId="91" Type="CAERep" Ver="2"><DSEnvironmentID PropType="int">32</DSEnvironmentID><ExternalProductVersion PropType="string">2023 R1</ExternalProductVersion><Goal PropType="string">RunSolver</Goal><HasBetaKeyOn PropType="bool">false</HasBetaKeyOn><InProcess PropType="bool">true</InProcess><LastDatabaseId PropType="unsigned int">168</LastDatabaseId><NumProcessorsForPost PropType="int">0</NumProcessorsForPost><PID_Legacy_Solve PropType="int">0</PID_Legacy_Solve><PartialCode PropType="int">1</PartialCode><ProductVersion PropType="string">23.1 RELEASE</ProductVersion><ProductVersionForSec PropType="string">23.1</ProductVersionForSec><ProjectName PropType="string">Stress--Static Structural (A5)</ProjectName><ReturnCode PropType="int">1</ReturnCode><SolveInvokedFromAddin PropType="int">0</SolveInvokedFromAddin><SysvarMap PropType="map&lt;string,string>"><Entry key="DSSolver ProgId">AMKSolver.AMKSolver.231</Entry></SysvarMap><EngineeringRep ObjId="92" Type="EngineeringRep" Ver="2"><BCRep ObjId="95" Type="BCRep" Ver="2"><StepEndTimes PropType="vector&lt;double>" UCat="Time" Unt="s">    1</StepEndTimes><ContactRep ObjId="61" Type="ContactRep" Ver="3"><Behavior PropType="string">ProgramControlled</Behavior><Breakable PropType="string">No</Breakable><Caption PropType="string">Contact Region 3</Caption><CondensedPartId PropType="int">0</CondensedPartId><DecayConstant PropType="double">    0</DecayConstant><DetectionMethod PropType="string">ProgramControlled</DetectionMethod><DynamicCoefficient PropType="double">    0</DynamicCoefficient><Formulation PropType="string">ProgramControlledContact</Formulation><IsNative PropType="bool">true</IsNative><IsPromoted PropType="bool">false</IsPromoted><MaximumOffset PropType="double" UCat="Length" Unt="m">1e-07</MaximumOffset><Restitution PropType="double">    1</Restitution><Scoping PropType="vector&lt;string>">62,63</Scoping><ScopingSubset0 PropType="vector&lt;string>">62</ScopingSubset0><ScopingSubset1 PropType="vector&lt;string>">63</ScopingSubset1><SmallSliding PropType="string">ProgramControlled</SmallSliding><SourceBodyIds PropType="vector&lt;unsigned int>">36,36,36,36,36,36,36,36</SourceBodyIds><StaticCoefficient PropType="double">    0</StaticCoefficient><TargetBodyIds PropType="vector&lt;unsigned int>">91,91,91,91,91,91,91</TargetBodyIds><TrimTolerance PropType="double" UCat="Length" Unt="m">0.05696436682733393</TrimTolerance><TrimType PropType="string">ProgramControlled</TrimType><Type PropType="string">Bonded</Type><UseAutoElasticSlipTolerance PropType="string">ProgramControlled</UseAutoElasticSlipTolerance><UseAutoPenetrationTolerance PropType="string">ProgramControlled</UseAutoPenetrationTolerance><SourceReference ObjId="128" Type="CAERepBase" Ver="2"><ReferenceId PropType="unsigned int">10</ReferenceId><ReferenceType PropType="vector&lt;string>">Face,Plane</ReferenceType></SourceReference><SourceReference ObjId="129" Type="CAERepBase" Ver="2"><ReferenceId PropType="unsigned int">370</ReferenceId><ReferenceType PropType="vector&lt;string>">Face,Plane</ReferenceType></SourceReference><SourceReference ObjId="130" Type="CAERepBase" Ver="2"><ReferenceId PropType="unsigned int">369</ReferenceId><ReferenceType PropType="vector&lt;string>">Face,Plane</ReferenceType></SourceReference><SourceReference ObjId="131" Type="CAERepBase" Ver="2"><ReferenceId PropType="unsigned int">368</ReferenceId><ReferenceType PropType="vector&lt;string>">Face,Plane</ReferenceType></SourceReference><SourceReference ObjId="132" Type="CAERepBase" Ver="2"><ReferenceId PropType="unsigned int">159</ReferenceId><ReferenceType PropType="vector&lt;string>">Face,Plane</ReferenceType></SourceReference><SourceReference ObjId="133" Type="CAERepBase" Ver="2"><ReferenceId PropType="unsigned int">160</ReferenceId><ReferenceType PropType="vector&lt;string>">Face,Plane</ReferenceType></SourceReference><SourceReference ObjId="134" Type="CAERepBase" Ver="2"><ReferenceId PropType="unsigned int">178</ReferenceId><ReferenceType PropType="vector&lt;string>">Face,Plane</ReferenceType></SourceReference><SourceReference ObjId="135" Type="CAERepBase" Ver="2"><ReferenceId PropType="unsigned int">37</ReferenceId><ReferenceType PropType="vector&lt;string>">Face,Plane</ReferenceType></SourceReference><TargetReference ObjId="136" Type="CAERepBase" Ver="2"><ReferenceId PropType="unsigned int">96</ReferenceId><ReferenceType PropType="vector&lt;string>">Face,Plane</ReferenceType></TargetReference><TargetReference ObjId="137" Type="CAERepBase" Ver="2"><ReferenceId PropType="unsigned int">461</ReferenceId><ReferenceType PropType="vector&lt;string>">Face,Plane</ReferenceType></TargetReference><TargetReference ObjId="138" Type="CAERepBase" Ver="2"><ReferenceId PropType="unsigned int">585</ReferenceId><ReferenceType PropType="vector&lt;string>">Face,Plane</ReferenceType></TargetReference><TargetReference ObjId="139" Type="CAERepBase" Ver="2"><ReferenceId PropType="unsigned int">574</ReferenceId><ReferenceType PropType="vector&lt;string>">Face,Plane</ReferenceType></TargetReference><TargetReference ObjId="140" Type="CAERepBase" Ver="2"><ReferenceId PropType="unsigned int">552</ReferenceId><ReferenceType PropType="vector&lt;string>">Face,Plane</ReferenceType></TargetReference><TargetReference ObjId="141" Type="CAERepBase" Ver="2"><ReferenceId PropType="unsigned int">562</ReferenceId><ReferenceType PropType="vector&lt;string>">Face,Nurb</ReferenceType></TargetReference><TargetReference ObjId="142" Type="CAERepBase" Ver="2"><ReferenceId PropType="unsigned int">92</ReferenceId><ReferenceType PropType="vector&lt;string>">Face,Plane</ReferenceType></TargetReference><Pinball ObjId="127" Type="Pinball" Ver="2"><Type PropType="string">ProgramControlled</Type></Pinball><ProgramControlledContact ObjId="126" Type="ProgramControlledContact" Ver="2"><UpdateStiffness PropType="string">Never</UpdateStiffness><UseAutoElectricalConductance PropType="bool">true</UseAutoElectricalConductance><UseAutoNormalStiffness PropType="bool">true</UseAutoNormalStiffness><UseAutoThermalConductance PropType="bool">true</UseAutoThermalConductance></ProgramControlledContact></ContactRep><ContactRep ObjId="64" Type="ContactRep" Ver="3"><Behavior PropType="string">ProgramControlled</Behavior><Breakable PropType="string">No</Breakable><Caption PropType="string">Contact Region 4</Caption><CondensedPartId PropType="int">0</CondensedPartId><DecayConstant PropType="double">    0</DecayConstant><DetectionMethod PropType="string">ProgramControlled</DetectionMethod><DynamicCoefficient PropType="double">    0</DynamicCoefficient><Formulation PropType="string">ProgramControlledContact</Formulation><IsNative PropType="bool">true</IsNative><IsPromoted PropType="bool">false</IsPromoted><MaximumOffset PropType="double" UCat="Length" Unt="m">1e-07</MaximumOffset><Restitution PropType="double">    1</Restitution><Scoping PropType="vector&lt;string>">65,66</Scoping><ScopingSubset0 PropType="vector&lt;string>">65</ScopingSubset0><ScopingSubset1 PropType="vector&lt;string>">66</ScopingSubset1><SmallSliding PropType="string">ProgramControlled</SmallSliding><SourceBodyIds PropType="vector&lt;unsigned int>">91,91,91,91,91,91</SourceBodyIds><StaticCoefficient PropType="double">    0</StaticCoefficient><TargetBodyIds PropType="vector&lt;unsigned int>">682,682,682,682,682,682,682</TargetBodyIds><TrimTolerance PropType="double" UCat="Length" Unt="m">0.05696436682733393</TrimTolerance><TrimType PropType="string">ProgramControlled</TrimType><Type PropType="string">Bonded</Type><UseAutoElasticSlipTolerance PropType="string">ProgramControlled</UseAutoElasticSlipTolerance><UseAutoPenetrationTolerance PropType="string">ProgramControlled</UseAutoPenetrationTolerance><SourceReference ObjId="145" Type="CAERepBase" Ver="2"><ReferenceId PropType="unsigned int">94</ReferenceId><ReferenceType PropType="vector&lt;string>">Face,Plane</ReferenceType></SourceReference><SourceReference ObjId="146" Type="CAERepBase" Ver="2"><ReferenceId PropType="unsigned int">478</ReferenceId><ReferenceType PropType="vector&lt;string>">Face,Nurb</ReferenceType></SourceReference><SourceReference ObjId="147" Type="CAERepBase" Ver="2"><ReferenceId PropType="unsigned int">479</ReferenceId><ReferenceType PropType="vector&lt;string>">Cylinder,Face</ReferenceType></SourceReference><SourceReference ObjId="148" Type="CAERepBase" Ver="2"><ReferenceId PropType="unsigned int">480</ReferenceId><ReferenceType PropType="vector&lt;string>">Face,Nurb</ReferenceType></SourceReference><SourceReference ObjId="149" Type="CAERepBase" Ver="2"><ReferenceId PropType="unsigned int">482</ReferenceId><ReferenceType PropType="vector&lt;string>">Face,Nurb</ReferenceType></SourceReference><SourceReference ObjId="150" Type="CAERepBase" Ver="2"><ReferenceId PropType="unsigned int">493</ReferenceId><ReferenceType PropType="vector&lt;string>">Face,Nurb</ReferenceType></SourceReference><TargetReference ObjId="151" Type="CAERepBase" Ver="2"><ReferenceId PropType="unsigned int">690</ReferenceId><ReferenceType PropType="vector&lt;string>">Face,Plane</ReferenceType></TargetReference><TargetReference ObjId="152" Type="CAERepBase" Ver="2"><ReferenceId PropType="unsigned int">692</ReferenceId><ReferenceType PropType="vector&lt;string>">Face,Plane</ReferenceType></TargetReference><TargetReference ObjId="153" Type="CAERepBase" Ver="2"><ReferenceId PropType="unsigned int">687</ReferenceId><ReferenceType PropType="vector&lt;string>">Face,Nurb</ReferenceType></TargetReference><TargetReference ObjId="154" Type="CAERepBase" Ver="2"><ReferenceId PropType="unsigned int">686</ReferenceId><ReferenceType PropType="vector&lt;string>">Cylinder,Face</ReferenceType></TargetReference><TargetReference ObjId="155" Type="CAERepBase" Ver="2"><ReferenceId PropType="unsigned int">685</ReferenceId><ReferenceType PropType="vector&lt;string>">Face,Nurb</ReferenceType></TargetReference><TargetReference ObjId="156" Type="CAERepBase" Ver="2"><ReferenceId PropType="unsigned int">684</ReferenceId><ReferenceType PropType="vector&lt;string>">Face,Nurb</ReferenceType></TargetReference><TargetReference ObjId="157" Type="CAERepBase" Ver="2"><ReferenceId PropType="unsigned int">688</ReferenceId><ReferenceType PropType="vector&lt;string>">Face,Nurb</ReferenceType></TargetReference><Pinball ObjId="144" Type="Pinball" Ver="2"><Type PropType="string">ProgramControlled</Type></Pinball><ProgramControlledContact ObjId="143" Type="ProgramControlledContact" Ver="2"><UpdateStiffness PropType="string">Never</UpdateStiffness><UseAutoElectricalConductance PropType="bool">true</UseAutoElectricalConductance><UseAutoNormalStiffness PropType="bool">true</UseAutoNormalStiffness><UseAutoThermalConductance PropType="bool">true</UseAutoThermalConductance></ProgramControlledContact></ContactRep><SurfaceForce ObjId="75" Type="Force" Ver="2"><Caption PropType="string">Left Force</Caption><LoadAppliedBy PropType="unsigned int">0</LoadAppliedBy><LoadDefineBy PropType="unsigned int">1</LoadDefineBy><Scoping PropType="vector&lt;string>">76</Scoping><LoadStep ObjId="158" Type="LoadStep" Ver="2"><ActiveBitmask PropType="vector&lt;int>">63</ActiveBitmask><IsActive PropType="vector&lt;bool>">true</IsActive><Number PropType="vector&lt;int>"/></LoadStep><ComponentX ObjId="159" Type="Table" Ver="2"><StepNumber PropType="vector&lt;int>">1,1</StepNumber><Time PropType="vector&lt;double>" UCat="Time" Unt="s">    0,    1</Time><Values PropType="vector&lt;double>" UCat="Force" Unt="N">    0,    0</Values></ComponentX><ComponentY ObjId="160" Type="Table" Ver="2"><StepNumber PropType="vector&lt;int>">1,1</StepNumber><Time PropType="vector&lt;double>" UCat="Time" Unt="s">    0,    1</Time><Values PropType="vector&lt;double>" UCat="Force" Unt="N">-100000,-100000</Values></ComponentY><ComponentZ ObjId="161" Type="Table" Ver="2"><StepNumber PropType="vector&lt;int>">1,1</StepNumber><Time PropType="vector&lt;double>" UCat="Time" Unt="s">    0,    1</Time><Values PropType="vector&lt;double>" UCat="Force" Unt="N">    0,    0</Values></ComponentZ></SurfaceForce><SurfaceForce ObjId="77" Type="Force" Ver="2"><Caption PropType="string">Right Force</Caption><LoadAppliedBy PropType="unsigned int">0</LoadAppliedBy><LoadDefineBy PropType="unsigned int">1</LoadDefineBy><Scoping PropType="vector&lt;string>">78</Scoping><LoadStep ObjId="162" Type="LoadStep" Ver="2"><ActiveBitmask PropType="vector&lt;int>">63</ActiveBitmask><IsActive PropType="vector&lt;bool>">true</IsActive><Number PropType="vector&lt;int>"/></LoadStep><ComponentX ObjId="163" Type="Table" Ver="2"><StepNumber PropType="vector&lt;int>">1,1</StepNumber><Time PropType="vector&lt;double>" UCat="Time" Unt="s">    0,    1</Time><Values PropType="vector&lt;double>" UCat="Force" Unt="N">    0,    0</Values></ComponentX><ComponentY ObjId="164" Type="Table" Ver="2"><StepNumber PropType="vector&lt;int>">1,1</StepNumber><Time PropType="vector&lt;double>" UCat="Time" Unt="s">    0,    1</Time><Values PropType="vector&lt;double>" UCat="Force" Unt="N">-100000,-100000</Values></ComponentY><ComponentZ ObjId="165" Type="Table" Ver="2"><StepNumber PropType="vector&lt;int>">1,1</StepNumber><Time PropType="vector&lt;double>" UCat="Time" Unt="s">    0,    1</Time><Values PropType="vector&lt;double>" UCat="Force" Unt="N">    0,    0</Values></ComponentZ></SurfaceForce><FixedSurfaceSupport ObjId="79" Type="Support" Ver="2"><Caption PropType="string">Middle Fixed Support</Caption><Scoping PropType="vector&lt;string>">81</Scoping><Type PropType="string"/></FixedSurfaceSupport></BCRep><GeometryAttributes ObjId="93" Type="GeometryAttributes" Ver="2"><AssemblyAttributes ObjId="94" Type="AssemblyAttributes" Ver="2"><ElementOptionControl PropType="string">ProgramControlled</ElementOptionControl><GeometrySource PropType="string">C:\Users\OMO\Desktop\New Paper\Stress Probe\New folder\Stress_files\dp0\SYS\DM\SYS.scdoc</GeometrySource><Is2DAnalysis PropType="bool">false</Is2DAnalysis><IsMixedDimension PropType="bool">false</IsMixedDimension><PartAttributes ObjId="19" Type="PartAttributes" Ver="2"><Caption PropType="string">SYS</Caption><Mass PropType="double" UCat="Mass" Unt="kg">197078.3503464795</Mass><PartId PropType="unsigned int">3</PartId><BodyAttributes ObjId="20" Type="BodyAttributes" Ver="2"><AreNonLinearEffectsOn PropType="bool">true</AreNonLinearEffectsOn><BoundingBoxDiagonal PropType="double" UCat="Length" Unt="m">22.76428565458059</BoundingBoxDiagonal><Caption PropType="string">SYS\Solid</Caption><ElementCoordSysId PropType="unsigned int">27</ElementCoordSysId><GeometryType PropType="string">Solid</GeometryType><Mass PropType="double" UCat="Mass" Unt="kg">197078.3503464795</Mass><ProtoReferenceId PropType="unsigned int">36</ProtoReferenceId><StiffnessBehavior PropType="string">Deformable</StiffnessBehavior><ThermalStrainCalculation PropType="bool">true</ThermalStrainCalculation><Centroid ObjId="102" Type="DSGePoint3d" Ver="3"><Coordinates PropType="vector&lt;double>" UCat="Length" Unt="m">10.45575585586533,1.916546293741131,3.5640194211866</Coordinates></Centroid><MassMomentOfInertia ObjId="101" Type="MassMomentOfInertia" Ver="2"><Ixx PropType="double" UCat="MomentInertiaMass" Unt="kg m^2">1866635.793036301</Ixx><Iyy PropType="double" UCat="MomentInertiaMass" Unt="kg m^2">6487930.713606169</Iyy><Izz PropType="double" UCat="MomentInertiaMass" Unt="kg m^2">7662753.194902386</Izz></MassMomentOfInertia><MaterialRep ObjId="100" Type="MaterialRep" Ver="2"><MaterialName PropType="string">Structural Steel</MaterialName><ReferenceTemperature PropType="double" UCat="Temperature" Unt="Celsius">   22</ReferenceTemperature><RelaxationTemperature PropType="double" UCat="Temperature" Unt="Celsius">    0</RelaxationTemperature><UnitSystem PropType="int">0</UnitSystem><UseReferenceTemperature PropType="bool">false</UseReferenceTemperature><UseRelaxationTemperature PropType="bool">false</UseRelaxationTemperature></MaterialRep></BodyAttributes><Centroid ObjId="103" Type="DSGePoint3d" Ver="3"><Coordinates PropType="vector&lt;double>" UCat="Length" Unt="m">10.45575585586533,1.916546293741131,3.5640194211866</Coordinates></Centroid><MassMomentOfInertia ObjId="104" Type="MassMomentOfInertia" Ver="2"><Ixx PropType="double" UCat="MomentInertiaMass" Unt="kg m^2">1866635.793036301</Ixx><Iyy PropType="double" UCat="MomentInertiaMass" Unt="kg m^2">6487930.713606169</Iyy><Izz PropType="double" UCat="MomentInertiaMass" Unt="kg m^2">7662753.194902386</Izz><CoordinateSystemRep ObjId="105" Type="CoordinateSystemRep" Ver="3"><Caption PropType="string">Undefined</Caption><CoordSystemIndex PropType="unsigned int">0</CoordSystemIndex><IsGlobal PropType="bool">false</IsGlobal><Param1 PropType="double">    1</Param1><Param2 PropType="double">    1</Param2><Singularity1 PropType="int">0</Singularity1><Singularity2 PropType="int">0</Singularity2><SolverCoordNumber PropType="unsigned int">0</SolverCoordNumber><Type PropType="string">Cartesian</Type><DSGePoint3d ObjId="107" Type="DSGePoint3d" Ver="3"><Coordinates PropType="vector&lt;double>" UCat="Length" Unt="m">10.45575585586533,1.916546293741131,3.5640194211866</Coordinates></DSGePoint3d><Matrix3X3 ObjId="106" Type="Matrix3X3" Ver="2"><IsOrthogonal PropType="bool">false</IsOrthogonal><Row0 PropType="vector&lt;double>">0.9998838900534692,-0.008960166333955461,-0.01232565741897317</Row0><Row1 PropType="vector&lt;double>">0.01249586130337793,0.9450509731884921,0.3266841158149121</Row1><Row2 PropType="vector&lt;double>">0.008721230522625767,-0.3268002042452728,0.9450532083662905</Row2></Matrix3X3></CoordinateSystemRep></MassMomentOfInertia></PartAttributes><PartAttributes ObjId="22" Type="PartAttributes" Ver="2"><Caption PropType="string">SYS</Caption><Mass PropType="double" UCat="Mass" Unt="kg">85437.92411002422</Mass><PartId PropType="unsigned int">5</PartId><BodyAttributes ObjId="23" Type="BodyAttributes" Ver="2"><AreNonLinearEffectsOn PropType="bool">true</AreNonLinearEffectsOn><BoundingBoxDiagonal PropType="double" UCat="Length" Unt="m">22.53706458732151</BoundingBoxDiagonal><Caption PropType="string">SYS\Solid</Caption><ElementCoordSysId PropType="unsigned int">27</ElementCoordSysId><GeometryType PropType="string">Solid</GeometryType><Mass PropType="double" UCat="Mass" Unt="kg">85437.92411002422</Mass><ProtoReferenceId PropType="unsigned int">91</ProtoReferenceId><StiffnessBehavior PropType="string">Deformable</StiffnessBehavior><ThermalStrainCalculation PropType="bool">true</ThermalStrainCalculation><Centroid ObjId="110" Type="DSGePoint3d" Ver="3"><Coordinates PropType="vector&lt;double>" UCat="Length" Unt="m">8.586450815747405,2.182586176617957,0.3401439459635682</Coordinates></Centroid><MassMomentOfInertia ObjId="109" Type="MassMomentOfInertia" Ver="2"><Ixx PropType="double" UCat="MomentInertiaMass" Unt="kg m^2">444058.591440858</Ixx><Iyy PropType="double" UCat="MomentInertiaMass" Unt="kg m^2">2857859.772220763</Iyy><Izz PropType="double" UCat="MomentInertiaMass" Unt="kg m^2">3189191.747136254</Izz></MassMomentOfInertia><MaterialRep ObjId="108" Type="MaterialRep" Ver="2"><MaterialName PropType="string">Structural Steel</MaterialName><ReferenceTemperature PropType="double" UCat="Temperature" Unt="Celsius">   22</ReferenceTemperature><RelaxationTemperature PropType="double" UCat="Temperature" Unt="Celsius">    0</RelaxationTemperature><UnitSystem PropType="int">0</UnitSystem><UseReferenceTemperature PropType="bool">false</UseReferenceTemperature><UseRelaxationTemperature PropType="bool">false</UseRelaxationTemperature></MaterialRep></BodyAttributes><Centroid ObjId="111" Type="DSGePoint3d" Ver="3"><Coordinates PropType="vector&lt;double>" UCat="Length" Unt="m">8.586450815747405,2.182586176617957,0.3401439459635682</Coordinates></Centroid><MassMomentOfInertia ObjId="112" Type="MassMomentOfInertia" Ver="2"><Ixx PropType="double" UCat="MomentInertiaMass" Unt="kg m^2">444058.591440858</Ixx><Iyy PropType="double" UCat="MomentInertiaMass" Unt="kg m^2">2857859.772220763</Iyy><Izz PropType="double" UCat="MomentInertiaMass" Unt="kg m^2">3189191.747136254</Izz><CoordinateSystemRep ObjId="113" Type="CoordinateSystemRep" Ver="3"><Caption PropType="string">Undefined</Caption><CoordSystemIndex PropType="unsigned int">0</CoordSystemIndex><IsGlobal PropType="bool">false</IsGlobal><Param1 PropType="double">    1</Param1><Param2 PropType="double">    1</Param2><Singularity1 PropType="int">0</Singularity1><Singularity2 PropType="int">0</Singularity2><SolverCoordNumber PropType="unsigned int">0</SolverCoordNumber><Type PropType="string">Cartesian</Type><DSGePoint3d ObjId="115" Type="DSGePoint3d" Ver="3"><Coordinates PropType="vector&lt;double>" UCat="Length" Unt="m">8.586450815747405,2.182586176617957,0.3401439459635682</Coordinates></DSGePoint3d><Matrix3X3 ObjId="114" Type="Matrix3X3" Ver="2"><IsOrthogonal PropType="bool">false</IsOrthogonal><Row0 PropType="vector&lt;double>">0.9960281914369671,0.04742267331273622,-0.07535868840869231</Row0><Row1 PropType="vector&lt;double>">-0.04897436199215638,0.9986216375417303,-0.01887688800979174</Row1><Row2 PropType="vector&lt;double>">0.07435962432843586,0.02249255630973244,0.9969777987399658</Row2></Matrix3X3></CoordinateSystemRep></MassMomentOfInertia></PartAttributes><PartAttributes ObjId="58" Type="PartAttributes" Ver="2"><Caption PropType="string">SYS</Caption><Mass PropType="double" UCat="Mass" Unt="kg">25496.2652483106</Mass><PartId PropType="unsigned int">212</PartId><BodyAttributes ObjId="59" Type="BodyAttributes" Ver="2"><AreNonLinearEffectsOn PropType="bool">true</AreNonLinearEffectsOn><BoundingBoxDiagonal PropType="double" UCat="Length" Unt="m">18.73242144702182</BoundingBoxDiagonal><Caption PropType="string">SYS\Solid</Caption><ElementCoordSysId PropType="unsigned int">27</ElementCoordSysId><GeometryType PropType="string">Solid</GeometryType><Mass PropType="double" UCat="Mass" Unt="kg">25496.2652483106</Mass><ProtoReferenceId PropType="unsigned int">682</ProtoReferenceId><StiffnessBehavior PropType="string">Deformable</StiffnessBehavior><ThermalStrainCalculation PropType="bool">true</ThermalStrainCalculation><Centroid ObjId="118" Type="DSGePoint3d" Ver="3"><Coordinates PropType="vector&lt;double>" UCat="Length" Unt="m">9.512591365331344,6.135481498063096,0.170000002719445</Coordinates></Centroid><MassMomentOfInertia ObjId="117" Type="MassMomentOfInertia" Ver="2"><Ixx PropType="double" UCat="MomentInertiaMass" Unt="kg m^2">122004.4514743892</Ixx><Iyy PropType="double" UCat="MomentInertiaMass" Unt="kg m^2">676758.7281426404</Iyy><Izz PropType="double" UCat="MomentInertiaMass" Unt="kg m^2">798082.9100616063</Izz></MassMomentOfInertia><MaterialRep ObjId="116" Type="MaterialRep" Ver="2"><MaterialName PropType="string">Structural Steel</MaterialName><ReferenceTemperature PropType="double" UCat="Temperature" Unt="Celsius">   22</ReferenceTemperature><RelaxationTemperature PropType="double" UCat="Temperature" Unt="Celsius">    0</RelaxationTemperature><UnitSystem PropType="int">0</UnitSystem><UseReferenceTemperature PropType="bool">false</UseReferenceTemperature><UseRelaxationTemperature PropType="bool">false</UseRelaxationTemperature></MaterialRep></BodyAttributes><Centroid ObjId="119" Type="DSGePoint3d" Ver="3"><Coordinates PropType="vector&lt;double>" UCat="Length" Unt="m">9.512591365331344,6.135481498063096,0.170000002719445</Coordinates></Centroid><MassMomentOfInertia ObjId="120" Type="MassMomentOfInertia" Ver="2"><Ixx PropType="double" UCat="MomentInertiaMass" Unt="kg m^2">122004.4514743892</Ixx><Iyy PropType="double" UCat="MomentInertiaMass" Unt="kg m^2">676758.7281426404</Iyy><Izz PropType="double" UCat="MomentInertiaMass" Unt="kg m^2">798082.9100616063</Izz><CoordinateSystemRep ObjId="121" Type="CoordinateSystemRep" Ver="3"><Caption PropType="string">Undefined</Caption><CoordSystemIndex PropType="unsigned int">0</CoordSystemIndex><IsGlobal PropType="bool">false</IsGlobal><Param1 PropType="double">    1</Param1><Param2 PropType="double">    1</Param2><Singularity1 PropType="int">0</Singularity1><Singularity2 PropType="int">0</Singularity2><SolverCoordNumber PropType="unsigned int">0</SolverCoordNumber><Type PropType="string">Cartesian</Type><DSGePoint3d ObjId="123" Type="DSGePoint3d" Ver="3"><Coordinates PropType="vector&lt;double>" UCat="Length" Unt="m">9.512591365331344,6.135481498063096,0.170000002719445</Coordinates></DSGePoint3d><Matrix3X3 ObjId="122" Type="Matrix3X3" Ver="2"><IsOrthogonal PropType="bool">false</IsOrthogonal><Row0 PropType="vector&lt;double>">0.9995729486610533,0.02922191480802177,4.859330437907974e-12</Row0><Row1 PropType="vector&lt;double>">-0.02922191480802177,0.9995729486610533,2.130179584931338e-11</Row1><Row2 PropType="vector&lt;double>">-4.234775990771573e-12,-2.143469782895454e-11,    1</Row2></Matrix3X3></CoordinateSystemRep></MassMomentOfInertia></PartAttributes></AssemblyAttributes></GeometryAttributes><ServiceRep ObjId="96" Type="ServiceRep" Ver="2"><CoordinateSystemRep ObjId="27" Type="CoordinateSystemRep" Ver="3"><Caption PropType="string">Global Coordinate System</Caption><CoordSystemIndex PropType="unsigned int">0</CoordSystemIndex><IsGlobal PropType="bool">true</IsGlobal><Param1 PropType="double">    1</Param1><Param2 PropType="double">    1</Param2><Singularity1 PropType="int">0</Singularity1><Singularity2 PropType="int">0</Singularity2><SolverCoordNumber PropType="int">0</SolverCoordNumber><Type PropType="string">Cartesian</Type><DSGePoint3d ObjId="125" Type="DSGePoint3d" Ver="3"><Coordinates PropType="vector&lt;double>" UCat="Length" Unt="m">    0,    0,    0</Coordinates></DSGePoint3d><Matrix3X3 ObjId="124" Type="Matrix3X3" Ver="2"><IsOrthogonal PropType="bool">false</IsOrthogonal><Row0 PropType="vector&lt;double>">    1,    0,    0</Row0><Row1 PropType="vector&lt;double>">    0,    1,    0</Row1><Row2 PropType="vector&lt;double>">    0,    0,    1</Row2></Matrix3X3></CoordinateSystemRep></ServiceRep></EngineeringRep><GeometryRep ObjId="99" Type="GeometryRep" Ver="2"><ActiveAssembly PropType="unsigned int">1</ActiveAssembly><PartsAssembly PropType="string">0000000002942E58</PartsAssembly><Units PropType="string">m</Units></GeometryRep><MaterialLibraryRep ObjId="98" Type="MaterialLibraryRep" Ver="2"><FileName PropType="string">MatML.xml</FileName></MaterialLibraryRep><MeshRep ObjId="97" Type="MeshRep" Ver="2"><AssemblyMesh PropType="string">000000004F181428</AssemblyMesh><Configuration PropType="unsigned int">88</Configuration><IndependentMesh PropType="string">IndependentMesh.bin</IndependentMesh><RigidBodyBehavior PropType="string">DimensionallyReduced</RigidBodyBehavior><Units PropType="string">m</Units></MeshRep><SolverRep ObjId="166" Type="SolverRep" Ver="2"><AnalysisType PropType="string">Static</AnalysisType><IsCoupledFieldSystem PropType="bool">false</IsCoupledFieldSystem><PhysicsType PropType="string">Mechanical</PhysicsType><SolverTargetName PropType="string">ANSYS</SolverTargetName><SolverUnits PropType="int">11</SolverUnits><UnknownPointerId PropType="string">0000000020D15390</UnknownPointerId><FEConnectorsRep ObjId="34" Type="FEConnectorsRep" Ver="2"><StepSelection PropType="int">0</StepSelection></FEConnectorsRep><FileManagementRep ObjId="168" Type="FileManagementRep" Ver="2"><DeleteUnneededFiles PropType="bool">true</DeleteUnneededFiles><SolverFileDirectory PropType="string"/><SolverFileRelativeDirectory PropType="string"/></FileManagementRep><ProcessControls ObjId="167" Type="ProcessControls" Ver="2"><DistributedSolve PropType="bool">true</DistributedSolve><IsLocal PropType="bool">true</IsLocal><IsRSMSolve PropType="bool">false</IsRSMSolve><ManualMemorySettings PropType="bool">false</ManualMemorySettings><MaxProcessors PropType="int">4</MaxProcessors></ProcessControls><AnalysisSettings CAEType="extObj"><StaticMechanicalSettings version="1.0"><StepControls version="1.0"><EndTime>1.</EndTime><TimeStepOptions version="1.0"><AutoTimeSteppingType>ProgramControlled</AutoTimeSteppingType></TimeStepOptions><NonlinearControls version="1.0"><Force><ProgramControlled/></Force><Moment><ProgramControlled/></Moment><Rotation><ProgramControlled/></Rotation><Displacement><ProgramControlled/></Displacement><LineSearch>ProgramControlled</LineSearch><StabilizationControls><StabilizationControls version="1.0"><Controls>Program Controlled</Controls><Method>Energy</Method><EnergyDissipationRatio>1.e-004</EnergyDissipationRatio><DampingFactor>0.</DampingFactor><FirstSubstepOption>No</FirstSubstepOption><ForceLimit>0.2</ForceLimit></StabilizationControls></StabilizationControls><Energy><Off/></Energy></NonlinearControls><OutputControls version="1.0"><Stress>true</Stress><Strain>true</Strain><Contact>false</Contact><TimePointsOptions>All</TimePointsOptions><MaxNumberofResultSets>1000</MaxNumberofResultSets><GeneralMisc>false</GeneralMisc><CalculateFracture>false</CalculateFracture><SurfaceStress>false</SurfaceStress><BackStress>false</BackStress><ElementContactData>true</ElementContactData><ElementNonlinearData>false</ElementNonlinearData><ElementEulerAngles>true</ElementEulerAngles><ElementEnergies>true</ElementEnergies><ElementEnergies>true</ElementEnergies><ExportRecoaterInterference>false</ExportRecoaterInterference><ExportHighStrains>false</ExportHighStrains><ResultSetsType>Auto</ResultSetsType><CacheResultsInMemoryType>Never</CacheResultsInMemoryType><StoreModalResult>ProgramControlled</StoreModalResult><ExpandResultFrom>ProgramControlled</ExpandResultFrom><ProgControlledExpansion>Unknown</ProgControlledExpansion><NodalForcesType>No</NodalForcesType><CalculateParticipationFactorResult>ProgramControlled</CalculateParticipationFactorResult><CombineResultFiles>ProgramControlled</CombineResultFiles><ResultFileCompression>ProgramControlled</ResultFileCompression><TimePointsOptions>All</TimePointsOptions><ResultSets></ResultSets></OutputControls><CreepControls version="1.0"><CreepActivation/><CreepLimitRatio>1.</CreepLimitRatio></CreepControls><NonlinearAdaptivityControls version="3.0"><NLADHasMesh>0.</NLADHasMesh><NLADRefinementAlgorithm>0.</NLADRefinementAlgorithm><NLADRemeshingGradient>3.</NLADRemeshingGradient><NLADNumSculptedLayers>2.</NLADNumSculptedLayers><NLADNumSculptedLayersVal2>2.</NLADNumSculptedLayersVal2><NLADBoundaryAngle>15.</NLADBoundaryAngle><NLADRemeshingTolerance>5.e-002</NLADRemeshingTolerance><NLADRemeshingToleranceVal2>0.5</NLADRemeshingToleranceVal2><NLADGlobalSizeRatio>1.</NLADGlobalSizeRatio><NLADGlobalSizeRatioVal2>0.75</NLADGlobalSizeRatioVal2><NLADEdgeSplitAngle>10.</NLADEdgeSplitAngle><NLADLocalSizeRatio>1.</NLADLocalSizeRatio><NLADAggressiveRemeshing>0.</NLADAggressiveRemeshing><NLADProjectToGeometry>0.</NLADProjectToGeometry><MinimumElementSize>0.</MinimumElementSize></NonlinearAdaptivityControls><InertialRelief>false</InertialRelief><InverseSolving>false</InverseSolving><LoadCaseIdentifier></LoadCaseIdentifier></StepControls><SolverControls version="1.0"><SolverType><ProgramControlled/></SolverType><UseLargeDeformation>false</UseLargeDeformation><WeakSprings><Off/></WeakSprings><FractureSolution>true</FractureSolution><NewtonRaphsonType><ProgramControlled/></NewtonRaphsonType><SolverPivotChecking>ProgramControlled</SolverPivotChecking><ContactSplit><Off/></ContactSplit><QuasiStaticOption>false</QuasiStaticOption><SemiImplicit><Off/></SemiImplicit><CyclicMSUP>false</CyclicMSUP></SolverControls><SolverFileControls version="1.0"><SolverEngineType>ANSYS</SolverEngineType><SolverUnits>11</SolverUnits><SolverFilesDirectory>C:\Users\OMO\Desktop\New Paper\Stress Probe\New folder\Stress_files\dp0\SYS\MECH\</SolverFilesDirectory><SolverJobname>file</SolverJobname><ScratchSolverFilesDirectory>C:\Users\OMO\Desktop\New Paper\Stress Probe\New folder\_ProjectScratch\Scr7258\</ScratchSolverFilesDirectory><AdditionalList></AdditionalList><SaveANSYSDB>false</SaveANSYSDB><ContactSummary>kAnalysisSettingsContactSummaryProgramControlled</ContactSummary><DeleteUnusedFiles>true</DeleteUnusedFiles><ResultFile>file.rst</ResultFile><NonlinearSolution>false</NonlinearSolution></SolverFileControls><RestartAnalysis version="1.0"><RestartType>ProgramControlled</RestartType><RestartAction>ContinueAnalysis</RestartAction><RestartAtLoadStep>0</RestartAtLoadStep><RestartAtSubstep>0</RestartAtSubstep><RestartAtTime>0.000000000000000</RestartAtTime><EndStepTime>0.000000000000000</EndStepTime><MaxRestartAutoTime>0.000000000000000</MaxRestartAutoTime><ModifiedLoads></ModifiedLoads></RestartAnalysis><RestartControls version="1.0"><Controls>ProgramControlled</Controls><SaveAtLoadStep>None</SaveAtLoadStep><SaveSpecifiedLoadStep>1</SaveSpecifiedLoadStep><SaveAtSubstep>None</SaveAtSubstep><SaveSubstepFrequency>1</SaveSubstepFrequency><SaveMaximumFiles>0</SaveMaximumFiles><RetainFiles>No</RetainFiles><CombineMultiFrames>ProgramControlled</CombineMultiFrames></RestartControls><FractureControls version="1.0"><FractureSolverControls><HasSMARTCrackGrowth>false</HasSMARTCrackGrowth></FractureSolverControls></FractureControls><RotordynamicsControls version="1.0"><CoriolisEffect>No</CoriolisEffect><ReferenceFrameStationary>Stationary</ReferenceFrameStationary><RotatingDampingEffect>No</RotatingDampingEffect><CampbellDiagram>No</CampbellDiagram><Sorting>Yes</Sorting><ModalNumberofPoints>2</ModalNumberofPoints><ModeReuse>ProgramControlled</ModeReuse></RotordynamicsControls><MeshRestartControls version="1.0"><Controls>ProgramControlled</Controls><SaveAtLoadStep>None</SaveAtLoadStep><SaveAtSubstep>None</SaveAtSubstep><SaveSubstepFrequency>1</SaveSubstepFrequency><RetainFiles>Yes</RetainFiles></MeshRestartControls></StaticMechanicalSettings></AnalysisSettings></SolverRep></CAERep>